RahulGandhi,775966,0
WHO,770134,1
CNN,701252,0
HLGatell,642789,0
RajatSharmaLive,624546,0
BJP4India,556201,0
aajtak,542399,1
SaudiMOH,526651,0
NYGovCuomo,500975,0
NCDCgov,485451,0
ndtv,438358,1
IvankaTrump,392298,0
ABPNews,390845,1
CDCgov,382467,0
sambitswaraj,373673,0
iHrithik,362262,0
ANI,342681,1
BBCHindi,336030,0
DrTedros,330499,0
RailMinIndia,324955,0
UN,291501,0
ChouhanShivraj,285708,0
ChinaScience,275207,0
SkyNews,274731,1
FLOTUS,273842,0
MoHFW_INDIA,272082,0
PTI_News,268448,0
republic,258760,0
sudhirchaudhary,257437,0
IvanDuque,254506,0
nayibbukele,246988,0
CNNEE,246818,0
lopezobrador_,240478,0
CyrilRamaphosa,240001,0
g1,239923,0
PDChinaBusiness,235815,0
timesofindia,235513,1
jidesanwoolu,235116,0
GobiernoMX,232232,0
sardanarohit,230303,0
ashokgehlot51,225077,0
rsprasad,217040,0
PDChinaLife,209754,0
youm7,206780,0
business,204985,0
SSalud_mx,203716,1
HRDMinistry,203528,0
CMOTamilNadu,203338,0
PaulaReidCBS,201719,0
piersmorgan,199995,0
PakPMO,196446,0
iingwen,196102,0
ndtvindia,191265,0
KTRTRS,188507,0
ShehuSani,186442,0
MobilePunch,185378,0
Reuters,182705,0
the_hindu,181098,1
indiatvnews,180910,1
htTweets,180441,1
LadyVelvet_HFQ,173540,0
MSNBC,172843,0
asadowaisi,171568,0
bbcmundo,170488,0
guardian,168707,0
NBCNews,167721,0
Pontifex,167215,0
minsaude,165602,0
MWLOrg_en,164997,0
SecPompeo,163532,0
News18India,163481,0
SaharaReporters,161315,1
tcsavunma,160822,0
priyankachopra,159914,0
AJEnglish,159619,1
channelstv,157470,0
DrZweliMkhize,154260,0
billboard,154218,0
Pontifex_pt,152882,0
DGHisham,149229,0
atiku,148018,0
UNICEF,146223,0
RealCandaceO,146049,0
PrakashJavdekar,145874,0
KKMPutrajaya,145092,0
Dev_Fadnavis,144994,0
drharshvardhan,144925,0
PresidencyZA,144037,0
HFWOdisha,143617,0
TimesNow,141434,0
ZeeNewsEnglish,141143,1
skynewsarabia,139216,1
ShashiTharoor,139068,0
TheNationNews,138606,0
mygovindia,137566,0
CBSNews,135838,0
RajCMO,134820,0
Vijayabaskarofl,134477,0
WORLDSTAR,132095,0
weijia,131965,0
CNNIndonesia,131480,0
daily_trust,130953,0
DDNational,130908,1
RedeGlobo,127335,0
SachinPilot,127245,0
Minsa_Peru,126728,0
MazzoleniJulio,125044,0
detikcom,124811,0
folha,124267,0
GavinNewsom,122717,0
PIB_India,122625,1
UPGovt,121970,0
urstrulyMahesh,120739,0
RajGovOfficial,120102,0
infopresidencia,119684,0
ottosonnenh,118479,0
Estadao,117218,0
WHONigeria,117146,0
va_shiva,117076,0
JudicialWatch,116510,0
TelanganaCMO,115338,0
DDNewslive,115235,1
UsmanAKBuzdar,114329,0
sarkodie,112992,0
OfficeofSSC,112685,0
cnnarabic,112214,0
PawarSpeaks,110435,0
FCBarcelona,109908,0
sonakshisinha,109385,0
NGRPresident,109309,0
el_pais,109086,0
GuardianNigeria,108598,1
lemondefr,108275,0
ABSCBNNews,106876,1
BorisJohnson,104966,0
News24,104150,0
Claudiashein,103905,0
IndianExpress,103713,1
ajmubasher,103571,0
moigovgh,103116,0
BJP4UP,103001,0
10DowningStreet,102488,0
AmarUjalaNews,102212,1
TeamTrump,101903,0
eNCA,100832,0
antonioguterres,100026,0
BillGates,99741,0
DainikBhaskar,99570,1
JagranNews,99534,1
airnewsalerts,99132,1
arynewsud,99061,1
mohpegypt,99031,0
TSKGnkur,98716,0
PremiumTimesng,98117,0
PaulKagame,97187,0
BBCUrdu,97159,0
Fmohnigeria,97073,0
UNHumanRights,96657,0
UOLNoticias,96590,0
DohaDebates,95448,0
PresidenciaSV,95440,0
IAF_MCC,95033,0
NoticiasCaracol,94930,1
kpmaurya1,93996,0
polimernews,93950,1
CiroGomezL,93608,0
ManojTiwariMP,92160,0
FinMinIndia,91832,0
SpokespersonCHN,91810,0
ProfAkinAbayomi,91625,0
news7tamil,89773,1
DChaurasia2312,89760,0
gokhanozoguz,89757,0
dw_espanol,89504,1
MattHancock,88292,0
GloboNews,87775,0
BFMTV,87589,0
vijayanpinarayi,87422,0
followlasg,87041,0
BashirAhmaad,86184,0
EconomicTimes,85815,1
PTTVOnlineNews,85413,1
El_Universal_Mx,85268,0
FOXhaber,84735,0
elmundoes,84180,0
cnnphilippines,83907,0
AamAadmiParty,83899,0
le_Parisien,83547,1
STF_oficial,83100,0
siasatpk,83099,0
HenshawKate,82047,0
inquirerdotnet,81563,0
DHSCgovuk,81499,0
Surgeon_General,81017,0
NigeriaGov,80695,0
EPhilippePM,80657,0
msaludpy,80482,0
ThanthiTV,79482,1
CMO_Odisha,78395,0
bukolasaraki,78263,0
ScottGottliebMD,78201,0
GovMikeDeWine,78149,0
ARYNEWSOFFICIAL,77725,1
wef,77413,1
AlexBerenson,77360,0
TomFitton,77331,0
AbiyAhmedAli,76148,0
Lenin,75932,0
exercitooficial,75730,0
NITIAayog,75670,0
Naveen_Odisha,75494,0
pid_gov,75182,0
GovWhitmer,74897,0
gmanews,74887,0
LSMOH,74806,0
BBCAfrica,74653,0
KailashOnline,74556,0
IMFNews,74114,0
vanguardngrnews,73428,0
PTIofficial,73054,0
CNEWS,72761,0
JDMahama,72290,0
IRSnews,72246,0
BeatrizGMuller,72221,0
GovMurphy,71612,0
CMOfficeUP,71456,0
PhilippineStar,71193,0
France24_fr,71189,0
himantabiswa,71030,0
USNavy,71019,0
rssurjewala,70879,0
Uppolice,70780,0
UOL,70502,0
thekiranbedi,70393,0
chicagosmayor,70174,0
ActualidadRT,69960,1
SaraCarterDC,69504,0
VasundharaBJP,69139,0
StateDept,69045,0
Macky_Sall,68772,0
FBI,68738,0
RFI,68426,0
ntv,68419,0
sanidadgob,68397,0
VPSecretariat,68147,0
WorldBank,67628,0
abc_es,67394,0
HealthZA,67333,0
NavbharatTimes,67301,1
MKNJPM,67187,0
DDNewsHindi,66900,0
PoliciaPeru,66120,0
SudarshanNewsTV,65948,0
gulf_news,65942,1
TamilTheHindu,65268,1
Franklin_Graham,64323,0
TerezaCrisMS,64300,0
manilabulletin,64218,0
MininterPeru,64114,0
ONU_es,64052,0
DrAlshoreka,63755,0
OfficeOfOPS,63478,0
c_drosten,63376,0
alain_4u,63344,1
zeerajasthan_,62718,1
ElwatanNews,62640,0
ZeeBiharNews,62608,1
AnilDeshmukhNCP,62215,0
Independent,62088,0
SaludPublicaEs,61948,0
Milenio,61535,1
sanchezcastejon,61115,0
AristeguiOnline,60930,0
Scavino45,60651,0
CNNnews18,60390,1
CMOKerala,60106,0
SecPrensaSV,60106,1
HassanAliJoho,59946,0
tcsnoticias,59851,1
filmfare,59716,0
ntvkenya,59375,0
92newschannel,59292,0
MaritoAbdo,59282,0
Jim_Jordan,59145,0
News18TamilNadu,59010,0
Haberturk,58961,0
vivekagnihotri,58861,0
nigeriantribune,58759,0
WHOWPRO,58565,0
ANCALERTS,58546,1
noticias4vision,58500,0
QuickTake,58416,1
Thairath_News,58400,0
ncbn,58398,0
dailynation,58115,0
hrw,58048,0
aishambuhari,58019,0
PIBFactCheck,57900,0
capt_amarinder,57817,0
CMofKarnataka,57748,0
WHOAFRO,57635,0
mkstalin,57508,0
rahulkanwal,57501,0
NHSuk,57456,0
thewirehindi,57414,1
IAmVarunTej,57249,0
Omojuwa,57002,0
501Awani,56984,0
sundarpichai,56982,0
COVIDNewsByMIB,56946,1
TrumpWarRoom,56834,0
Live_Hindustan,56508,1
ScienceMagazine,56497,0
zlj517,56341,0
afpfr,56292,1
CarlosLoret,56274,0
GujaratPolice,56253,0
BluRadioCo,56226,0
ShraddhaKapoor,56210,0
RTarabic,56207,0
SEP_mx,56192,0
DeptofDefense,56096,0
abpmajhatv,56068,1
RobertAlai,56065,0
TelanganaDGP,55854,0
MoIB_Official,55624,0
MinEconomia,55622,0
TheOfficialSBI,55501,0
gouvernementFR,55417,0
PoliceRajasthan,55414,0
iVeenaKhan,54979,0
MigunaMiguna,54947,0
ABSCBN,54921,0
businessinsider,54905,0
Eatala_Rajender,54532,0
PIBHomeAffairs,54392,0
PhilstarNews,54383,0
MumbaiPolice,54347,0
elespectador,54318,0
policia,54024,0
CynthiaViteri6,54013,0
DeAnna4Congress,53944,0
NatGeo,53615,0
NOIweala,53094,0
GovernmentZA,53031,0
CPHO_Canada,52887,0
BSYBJP,52819,0
IRCTCofficial,52558,0
ennaharonline,52388,0
CCTV,52374,0
AOuattara_PRCI,52370,0
NTANewsNow,52144,0
gilmarmendes,52083,0
elcomerciocom,52037,1
nature,51723,0
DominicRaab,51681,0
TheInterceptBr,51617,0
DCPSouthDelhi,51522,0
beINSPORTS,51447,0
_DigitalIndia,51365,0
MorningNewsTV3,51264,0
RishiSunak,51073,0
MOFA_Taiwan,50993,0
modgovksa,50975,0
bbchausa,50940,0
JusticaGovBR,50915,0
Reforma,50652,1
TheQuint,50361,1
DGPMaharashtra,50309,0
ComunicacionSV,50263,0
XHSports,50233,0
Kicillofok,50184,0
UmarKhalidJNU,50182,0
hydcitypolice,50079,0
PNCSV,49822,0
NIH,49707,0
TV9Marathi,49687,0
Chikwe_I,49578,0
otvnews,49346,1
guardiacivil,49285,0
TheSun,49242,0
tv3_ghana,49219,0
IMinakshiJoshi,48751,0
fordnation,48741,0
MLP_officiel,48550,0
cnnturk,48520,0
bbcswahili,48518,0
SEGOB_mx,48294,0
rajeshtope11,48142,0
Boity,47934,0
eluniversocom,47907,0
thecableng,47897,1
dinamalarweb,47852,0
FIFAcom,47838,0
politico,47715,0
SAMAATV,47519,0
AhmedabadPolice,47408,0
CMMadhyaPradesh,47400,0
ANINewsUP,47196,0
DrRPNishank,47173,0
Complex,47162,0
PJkanojia,47141,0
LANACION,47019,0
Tu_IMSS,46879,0
ministeriosalud,46842,0
PTVNewsOfficial,46819,0
khaleejtimes,46807,1
odisha_police,46701,0
Le_Figaro,46662,1
DolarToday,46649,0
EFEnoticias,46392,1
Primicias,46373,1
franceinfo,46110,0
MinisterKTR,45721,0
ewnupdates,45685,0
SAPoliceService,45204,0
MineduPeru,44979,0
moneycontrolcom,44912,1
sayedzbukhari,44897,0
News18UP,44694,0
WIONews,44635,1
globaltimesnews,44491,1
Dawn_News,44487,1
tumisole,44450,0
supriya_sule,44333,0
infobae,44123,0
MevlutCavusoglu,44105,0
DrSJaishankar,44065,0
AbrahamWeint,43983,0
OmaniMOH,43916,0
RevistaISTOE,43893,0
nikkei,43822,0
rpbreakingnews,43775,0
CNBCTV18Live,43485,1
rapplerdotcom,43346,1
Macarena_Olona,43106,0
mlkhattar,42920,0
CMOPb,42801,0
DHSgov,42739,0
Pontifex_es,42717,0
AliZafarsays,42690,0
angie_rasmussen,42673,0
CMILANOTICIA,42514,0
bsindia,42490,1
bbcbangla,42454,0
MOH_Kenya,42409,0
sunnewstamil,42229,1
DineshDSouza,42205,0
PresidenciaPy,42188,0
trspartyonline,42135,0
TV9Telugu,42003,1
ladygaga,41935,0
opsoms,41918,0
diariocorreo,41790,0
AbbTakk,41704,0
uaegov,41575,0
InsafPK,41562,0
CDCemergency,41561,0
ameyaw112,41441,0
HHSGov,41393,0
g20org,41378,0
WHOEMRO,41333,0
TONTOLET,41267,0
WRadioColombia,41122,0
BOLNETWORK,41100,1
KemenkesRI,41090,0
larepublica_pe,41018,0
BakhtawarBZ,40948,0
gatesfoundation,40869,0
METROFMSA,40825,0
DefesaGovBr,40793,0
CTVNews,40771,0
GovKaduna,40749,0
nbstv,40716,1
nadeemmalik,40606,0
kanak_news,40474,1
K24Tv,40412,0
MIB_India,39986,0
Mediapart,39981,0
RuggedyBaba,39964,0
RaoKavitha,39900,0
CCastaner,39873,0
GovRonDeSantis,39801,0
BT21_,39800,0
IPR_Odisha,39740,0
hmetromy,39735,1
NkanyeziKubheka,39596,0
dw_chinese,39581,0
iamkarendavila,39452,0
Citi973,39437,1
PHE_uk,39436,0
NightingaleLDN,39428,0
GovPritzker,39421,0
ScottMorrisonMP,39296,0
europapress,39240,0
zee24taasnews,39202,1
OmanVSCovid19,39062,0
C5N,39055,0
GovLarryHogan,39001,0
IdiazAyuso,38935,0
kizzabesigye1,38899,0
ChinaDaily,38871,1
govbr,38844,0
USArmy,38843,0
XinhuaTravel,38825,0
IlhanMN,38751,0
CAgovernor,38701,0
SaludSV,38685,0
AndreaBocelli,38632,0
lopezdoriga,38541,0
eldiarioes,38432,1
NoticieroHechos,38311,0
SimonHarrisTD,38267,0
carlaangola,38235,0
melindagates,38200,0
UltimaHoracom,38190,0
MariaBartiromo,38122,0
DiarioElPeruano,38109,0
tvOneNews,38091,0
canalN_,38091,0
vonderleyen,38059,0
HindiNews18,37996,0
AfricaCDC,37919,0
citizentvkenya,37732,0
NHSEngland,37716,0
IYC,37694,0
abpanandatv,37679,1
LambaAlka,37518,0
olivierveran,37462,0
SABCNewsOnline,37311,0
RehamKhan1,37167,0
MPF_PGR,37154,0
EpochTimes,37099,0
AnilSinghvi_,37094,0
MmusiMaimane,37044,0
OfficialPDPNig,37035,0
abpasmitatv,36851,0
globalnews,36846,0
TelanganaToday,36830,0
SABCNews,36807,0
ShayarImran,36788,0
EsSaludPeru,36718,0
CanadianPM,36665,0
camaradeputados,36588,0
teleSURtv,36540,1
pcmperu,36535,0
GregAbbott_TX,36501,0
virendersehwag,36484,0
FiscaliaEcuador,36469,0
OleItumbi,36426,0
PKU1898,36399,0
ElFinanciero_Mx,36281,0
desdelamoncloa,36196,0
Telegraph,36147,1
Astro_Pontes,36129,0
Excelsior,35953,1
adgpi,35713,0
SadhviPragya_MP,35713,0
PulseGhana,35696,0
GobCDMX,35680,0
CMOIreland,35654,0
TheLallantop,35598,0
akhbar,35457,1
evoespueblo,35395,0
RRPSpeaks,35173,0
USA_China_Talk,35155,0
renoomokri,35109,0
CaraotaDigital,35069,1
billmaher,35028,0
itvnews,35009,0
RCMPNS,34999,0
elblog,34870,0
TN21sv,34786,0
DCPNewDelhi,34751,0
AsambleaSV,34748,0
Benguennak,34745,0
bbcnepali,34699,0
cmohry,34670,0
CaracolRadio,34651,0
lafm,34611,0
TelefuturoInfo,34609,0
marmilbr,34602,0
aimim_national,34586,0
GiorgiaMeloni,34554,0
ABCDigital,34418,0
MinofHealthUG,34325,0
DGSN_MAROC,34299,0
usairforce,34265,0
dpradhanbjp,34166,0
IamSaiDharamTej,34162,0
StateHouseKenya,34126,0
DrJitendraSingh,34118,0
USMC,34112,0
marcorubio,34078,0
jeune_afrique,33865,0
TheKeralaPolice,33863,0
vikatan,33727,1
shailajateacher,33657,0
TheNationalUAE,33640,0
LindseyGrahamSC,33485,0
MYANC,33470,0
PoliciaEcuador,33466,0
JacksonMthembu_,33392,0
ReutersLatam,33246,1
tagesschau,33224,1
BDUTT,33185,0
ntvuganda,33119,0
BreakingNews,33108,0
geonews_urdu,33073,0
StandardKenya,33062,0
DeniseMaerker,32882,0
IASassociation,32849,0
sigridbazan,32818,0
sarbanandsonwal,32771,0
MiLOKMAT,32740,0
DianaAtwine,32721,0
planalto,32710,0
Agenzia_Ansa,32686,1
KChiruTweets,32592,0
JamiiForums,32563,0
tv9gujarati,32457,1
ZeeMPCG,32414,0
OKAZ_online,32412,1
UNarabic,32278,0
ashutosh83B,32273,0
libe,32157,0
toluogunlesi,32033,0
awasthis,31989,0
GovAndyBeshear,31957,0
NoticiasONU,31825,0
todonoticias,31730,0
TarekFatah,31713,0
ogundamisi,31697,0
UNESCO,31647,0
noticias_tvperu,31572,0
fab_oficial,31562,0
cgtnarabic,31478,0
nishantchat,31469,0
naralokesh,31362,0
UniNoticias,31340,1
bbcafrique,31319,0
TheDeshBhakt,31296,0
Craig_A_Spencer,31275,0
amnesty,31274,0
AFP,31249,1
Ebuka,31215,0
candundaradasi,31187,0
VOAChinese,31179,0
RaghusharmaINC,31094,0
Joy997FM,31071,0
drbetulsayan,31068,0
GovAbbott,30921,0
MyHEALTHKKM,30867,0
NHM_TN,30841,0
DrEricDing,30811,1
GGallegos24,30801,0
JovemPanNews,30760,0
lajornadaonline,30733,1
BJP4Delhi,30555,0
meganoticiascl,30541,1
ManuelaDavila,30415,0
arunbothra,30413,0
AIADMKOfficial,30391,0
AmdavadAMC,30374,0
siddaramaiah,30356,0
colorosglobal,30245,0
HardeepSPuri,30238,0
_AfricanUnion,30205,0
JohnsHopkins,30203,0
aaj_urdu,30170,0
Microsoft,30167,0
cyberabadpolice,30053,0
VoiceTVOfficial,30043,0
mataonline,29963,1
mybmc,29866,0
RepMaxineWaters,29797,0
trvrb,29773,0
JonatanViale,29754,0
Salud_Ec,29714,0
trsharish,29707,0
dailystarnews,29705,1
Saudi_Gazette,29644,1
VTVcanal8,29641,0
tedcruz,29640,0
M_OlgaSCordero,29631,0
newscientist,29566,0
DGPOdisha,29541,0
telefe,29536,0
TheStarKenya,29489,0
GOVUK,29481,0
teleamazonasec,29431,1
noidapolice,29430,0
sinae_oficial,29403,0
CMOfficeAssam,29323,0
UN_Women,29261,0
PSG_inside,29198,0
elerianm,29120,0
Pajaropolitico,29109,0
dabiodunMFR,29090,0
ecuavisa,29084,0
republikaonline,29079,0
ArogyaAndhra,29053,0
johnlegend,28964,0
ScienceNews,28952,0
Citytv,28909,0
kompascom,28904,0
Expresoec,28794,1
lia_tadesse,28623,0
NTN24,28487,0
AFPar,28460,0
newvisionwire,28445,0
tedlieu,28445,0
AUC_MoussaFaki,28340,0
IPS_Association,28335,0
AbakarManany,28309,0
SC_ESPN,28272,0
BSF_India,28221,0
noticiAmerica,28202,0
Refugees,28170,0
MinisteroSalute,28148,0
JaiTDP,28139,0
LivaneliZulfu,28057,0
Yolanda_Diaz_,28011,0
tarcisiogdf,27949,0
WesternRly,27781,0
NEJM,27756,0
PorscheRaces,27706,0
MatichonOnline,27637,0
WHOSEARO,27627,0
EU_Commission,27589,0
kfayemi,27587,0
CNBCTV18News,27571,1
RaviShastriOfc,27484,0
DailyMonitor,27477,0
SenadoFederal,27395,0
dna,27358,1
ComunicacionEc,27288,0
MumbaiMirror,27256,1
AiltonBenedito,27177,0
Hacienda_Mexico,27164,0
ThaiPBS,27136,1
SenTedCruz,27046,0
heutejournal,27042,0
elnoticiero_6,26981,0
TheJusticeDept,26954,0
SRuhle,26938,0
PuneCityPolice,26923,0
CNBCArabia,26862,0
AMuyshondt,26861,0
RobertKennedyJr,26797,0
AngelaRayner,26750,0
VPITV,26717,0
SBAgov,26715,0
telefenoticias,26705,0
VillaMarcovilla,26656,0
dawn_com,26635,1
NicolaSturgeon,26628,0
PanAmPost_es,26512,0
prensagrafica,26484,0
steve_hanke,26479,0
NASAEarth,26436,0
suthichai,26362,0
elsalvadorcom,26326,0
hoypy,26309,0
PoliceUg,26295,0
brozoxmiswebs,26261,0
merino_monroy,26233,0
manakgupta,26225,0
AFPespanol,26150,0
ZeeBusiness,26119,0
HarvardBiz,26112,0
TyCSports,26099,0
hanumanbeniwal,26027,0
Hyundai_Global,25961,0
IsraeliPM,25944,0
TheLancet,25944,0
moayush,25932,0
Pontifex_fr,25857,0
scotgov,25840,0
thatsTamil,25817,1
HEBobiwine,25675,0
ChelseaClinton,25657,0
Almagro_OEA2015,25646,0
Awhadspeaks,25622,0
nstomar,25588,0
funder,25561,0
Riesgos_Ec,25558,0
MAP_Information,25552,0
PIBHindi,25544,1
DemSocialists,25534,0
RomeuZema,25486,0
arabnews,25427,1
SEDENAmx,25399,0
mohapuae,25395,0
waglenikhil,25386,0
OIC_OCI,25291,0
MimpPeru,25250,0
sebastianpinera,25238,0
TPMP,25212,0
bbcbrasil,25172,0
OmarAbdullah,25168,0
TheDeenShow,25167,0
ArturoHerrera_G,25144,0
RadioPakistan,25139,1
GovernorTomWolf,25116,0
MinjusDH_Peru,25064,0
Place_Beauvau,25055,0
DZMMTeleRadyo,25049,1
Salym,25035,0
repubblica,25033,0
staceyabrams,25024,0
SMQureshiPTI,24985,0
RTLFrance,24915,0
DrJoeAbah,24909,0
tctelevision,24896,0
depheliolopes,24894,0
GobiernodeChile,24856,0
ParveenKaswan,24840,0
ianbremmer,24815,0
igtamil,24813,0
Pontifex_it,24729,0
SinEmbargoMX,24718,0
USCIRF,24714,0
MFA_China,24701,0
Bob_Wachter,24694,0
interiorgob,24689,0
Defensoria_Peru,24672,0
briebriejoy,24642,0
20Minutes,24616,0
UNDP,24600,0
CISFHQrs,24588,0
24HorasTVN,24548,0
NJGov,24510,0
PunjabGovtIndia,24501,0
XiaomiIndia,24491,0
liputan6dotcom,24482,0
ksorbs,24437,0
NCPspeaks,24422,0
ashokepandit,24421,0
LaVanguardia,24362,1
AkashvaniAIR,24338,0
News5AKSYON,24285,1
FoxSportsBrasil,24276,0
CT_Bergstrom,24254,0
Haciendapy,24244,0
mluciaramirez,24227,0
BBhuttoZardari,24204,0
gregggonsalves,24197,0
infobaeamerica,24184,0
scrippsresearch,24182,0
SE_mx,24156,0
112UttarPradesh,24131,0
PeterObi,24119,0
JansamparkMP,24117,0
dwnews,24109,0
HotNewHipHop,24051,0
sagarikaghose,24051,0
mindefensa,24034,0
DuttYogi,24020,0
izzetcapa,23999,0
MinCidadania,23979,0
ChristyforCA25,23974,0
swahilitimes,23912,0
Carabdechile,23888,0
amitmalviya,23861,0
M_Farmaajo,23860,0
CasaReal,23845,0
DCPSEastDelhi,23835,0
EricTopol,23752,0
UltraSawt,23740,0
FGRMexico,23738,0
nicd_sa,23644,0
CPKolkata,23618,0
Presidence_RDC,23614,0
LePoint,23592,0
cpbbsrctc,23560,0
DeniseDresserG,23505,0
MEF_Peru,23448,0
CarlosVerareal,23447,0
moodewji,23442,0
DailyMirror,23435,0
LuisaAlcalde,23414,0
JLMelenchon,23413,0
CPHydCity,23404,0
AJENews,23394,0
US_FDA,23377,0
ReallySwara,23353,0
sriramulubjp,23336,0
RachakondaCop,23293,0
jakecoco,23236,0
MinGobiernoEc,23235,0
GHOneTV,23215,0
cbic_india,23194,0
JPenerangan,23186,1
SRE_mx,23175,0
A3Noticias,23149,1
Tsinghua_Uni,23135,0
bonifacemwangi,23029,0
SE_Rajoelina,22952,0
ShehzadRoy,22941,0
srinivasiyc,22934,0
GotabayaR,22873,0
patriciajaniot,22824,0
AndrewHolnessJM,22796,0
DrAdhamBaba,22796,0
IPRD_Bihar,22778,1
fredsirieix1,22756,0
MariaSTsehai,22711,0
shoaib100mph,22698,0
NTelevisa_com,22600,0
IAOkowa,22595,0
Madonna,22591,0
LaNacionPy,22503,0
AlwatanSA,22492,0
ELTIEMPO,22472,0
Mohanlal,22466,0
LaLiga,22457,0
eliseuneto,22446,0
IrfanPathan,22444,0
SetuAarogya,22436,0
BrunoLeMaire,22399,0
YoshikiOfficial,22281,0
stephenfry,22269,0
geonews_english,22245,0
Corriere,22242,0
gujratsamachar,22226,1
UWVirology,22204,0
AFRICA24TV,22183,0
abcnews,22086,0
LoksattaLive,22082,1
DrDenaGrayson,22074,1
MRC_Outbreak,21986,0
amnestyusa,21956,0
DrTamilisaiGuv,21950,0
MahaDGIPR,21947,0
ElMundoSV,21932,0
ewnreporter,21871,0
IOL,21866,0
WHO_Europe,21833,0
HelenBranswell,21821,0
silvana_abdo,21804,0
thestandardth,21804,1
Jkylebass,21788,0
tv9kannada,21787,1
Meganoticias19,21780,0
DavidLat,21770,1
TheDemocrats,21739,0
WSSCCouncil,21703,0
onenews31,21683,0
CaracolTV,21669,1
gdehoyoswalther,21632,0
MayoClinic,21627,0
JLozanoA,21618,0
ETNOWlive,21607,1
swatantrabjp,21553,0
TVVnoticias,21551,0
dw_turkce,21512,0
MOInformation,21478,0
obyezeks,21462,0
MinPres,21460,0
XHNews,21442,1
ThuliMadonsela3,21437,0
BrookeBCNN,21422,0
USAndIndia,21395,0
MinInterior,21385,0
Radio_Formula,21383,0
bjd_odisha,21370,0
RMCsport,21356,0
DefensaSV,21350,0
biobio,21336,0
BMG_Bund,21273,0
TravelGov,21259,0
ThisIsDSP,21248,0
News18Guj,21228,1
BJPLive,21184,0
2MInteractive,21114,0
alaraby_ar,21108,0
talkSPORT,21066,0
MarkRuffalo,21056,0
UrugwiroVillage,21001,0
VMTElSalvador,20993,0
reliancejio,20988,0
PGN_COL,20987,0
misol140,20958,0
PSOE,20956,0
JhaSanjay,20909,0
Guttajwala,20889,0
BangaloreMirror,20790,0
malditobulo,20712,0
DJFreshSA,20674,0
arifhameed15,20672,0
Minvivienda,20660,0
Educacion_Ec,20647,0
EnriqueAlfaroR,20591,0
CNBC_Awaaz,20559,0
legitngnews,20541,0
ContraloriaPeru,20507,0
proceso,20461,0
joshuawongcf,20445,0
gretchenho,20429,0
